i	{<0002}
y	{>0002}
ɨ	{<0004}
ʉ	{>0004}
ɯ	{<0001}
u	{>0001}
ɪ	{<0002a}
ʏ	{>0002a}
ʊ	{>0001a}
e	{<0020}
ø	{>0020}
ɘ	{<0040}
ɵ	{>0040}
ɤ	{<0010}
o	{>0010}
e̞	{<0200}
ø̞	{>0200}
ə	{<0400}
ɤ̞	{<0100}
o̞	{>0100}
ɛ	{<00002}
œ	{>00002}
ɜ	{<00004}
ɞ	{>00004}
ʌ	{<00001}
ɔ	{>00001}
æ	{<2000a}
ɐ	{<4000a}
a	{<2000}
ɶ	{>2000}
ä	{<4000}
ɑ	{<1000}
ɒ	{>1000}

m̥	p n̥
m	p n
ɱ̊	f n̥
ɱ	f n
n̼̊	t̼ n̥
n̼	t̼ n
n̪̊	θ n̥
n̪	θ n
n̥	t n̥
n	t n
n̠̊	ʃ n̥
n̠	ʃ n
ɳ̊	ʂ n̥
ɳ	ʂ n
ȵ̊	ɕ n̥
ȵ	ɕ n
ɲ̊	ç n̥
ɲ	ç n
ŋ̊	k n̥
ŋ	k n
ɴ̥	q n̥
ɴ	q n

p	p t=
b	p d=
p̪	f t=
b̪	f d=
t̼	t̼ t=
d̼	t̼ d=
t̪	θ t=
d̪	θ d=
t	t t=
d	t d=
t̠	ʃ t=
d̠	ʃ d=
ʈ	ʂ t=
ɖ	ʂ d=
ȶ	ɕ t=
ȡ	ɕ d=
c	ç t=
ɟ	ç d=
k	k t=
ɡ	k d=
q	q t=
ɢ	q d=
ʡ	ħ t=
ʔ	h t=

pʰ	p th
bʱ	p dh
p̪ʰ	f th
b̪ʱ	f dh
t̼ʰ	t̼ th
d̼ʱ	t̼ dh
t̪ʰ	θ th
d̪ʱ	θ dh
tʰ	t th
dʱ	t dh
t̠ʰ	ʃ th
d̠ʱ	ʃ dh
ʈʰ	ʂ th
ɖʱ	ʂ dh
ȶʰ	ɕ th
ȡʱ	ɕ dh
cʰ	ç th
ɟʱ	ç dh
kʰ	k th
ɡʱ	k dh
qʰ	q th
ɢʱ	q dh
ʡʰ	ħ th

ɸ	p f
β	p v
f	f f
v	f v
θ̼	t̼ f
ð̼	t̼ v
θ	θ f
ð	θ v
s̪	θ s
z̪	θ z
θ̠	t f
ð̠	t v
s	t s
z	t z
ɹ̠̊˔	ʃ f
ɹ̠˔	ʃ v
ʃ	ʃ s
ʒ	ʃ z
ɻ̊˔	ʂ f
ɻ˔	ʂ v
ʂ	ʂ s
ʐ	ʂ z
ɕ	ɕ s
ʑ	ɕ z
ç	ç f
ʝ	ç v
x	k f
ɣ	k v
χ	q f
ʁ	q v
ħ	ħ f
ʕ	ħ v
h	h f
ɦ	h v

β̞̊	p ȷ̊
β̞	p j
ʋ̥	f ȷ̊
ʋ	f j
ɹ̼̊	t̼ ȷ̊
ɹ̼	t̼ j
θ̞	θ ȷ̊
ð̞	θ j
ɹ̥	t ȷ̊
ɹ	t j
ɹ̠̊	ʃ ȷ̊
ɹ̠	ʃ j
ɻ̊	ʂ ȷ̊
ɻ	ʂ j
ȷ̊	ç ȷ̊
j	ç j
ɰ̊	k ȷ̊
ɰ	k j
χ᫛	q ȷ̊
ʁ̞	q j
ħ̞	ħ ȷ̊
ʕ̞	ħ j
˷̊	h ȷ̊
˷	h j

ⱱ̟̊	p ɾ̥
ⱱ̟	p ɾ
ⱱ̥	f ɾ̥
ⱱ	f ɾ
ɾ̼̊	t̼ ɾ̥
ɾ̼	t̼ ɾ
ɾ̪̊	θ ɾ̥
ɾ̪	θ ɾ
ɾ̥	t ɾ̥
ɾ	t ɾ
ɾ̠̊	ʃ ɾ̥
ɾ̠	ʃ ɾ
ɽ̊	ʂ ɾ̥
ɽ	ʂ ɾ
q̆	q ɾ̥
ɢ̆	q ɾ
ħ̆	ħ ɾ̥
ʡ̆	ħ ɾ

ʙ̥	p r̥
ʙ	p r
ʙ̪̊	f r̥
ʙ̪	f r
r̼̊	t̼ r̥
r̼	t̼ r
r̪̊	θ r̥
r̪	θ r
r̥	t r̥
r	t r
r̠̊	ʃ r̥
r̠	ʃ r
ɽ̊r̥	ʂ r̥
ɽr	ʂ r
ʀ̥	q r̥
ʀ	q r
ʜ	ħ r̥
ʢ	ħ r

ɬ̼	t̼ ɬ
ɮ̼	t̼ ɮ
ɬ̪	θ ɬ
ɮ̪	θ ɮ
ɬ	t ɬ
ɮ	t ɮ
ɬ̠	ʃ ɬ
ɮ̠	ʃ ɮ
ꞎ	ʂ ɬ
𝼅	ʂ ɮ
𝼆	ç ɬ
ʎ̝	ç ɮ
𝼄	k ɬ
ʟ̝	k ɮ

l̼̊
l̼
l̪̊
l̪
l̥
l
l̠̊
l̠
ɭ̊
ɭ
ʎ̥
ʎ
ʟ̥
ʟ
ʟ̠̊
ʟ̠
